101000100 A0头盔 1 测试测试 0 101000101 [0,0,0,0,0] 225 0 0 0 100 10 10 10 10 2 0 0 1 1 1 1 1 0 0 0 0 0 [0,0] [] [[102000100,5],[102000200,5]] 0 0 UIbase/Zhuangbei_icon/wupin_1 zb_0001 1 0 999
101000101 A1头盔 1 测试测试 1 101000102 [0,0,0,0,0] 225 0 0 0 1 1 1 1 1 1 1 1 1 1 1 1 1 0 0 0 0 0 [0,0] [] [[102000100,5],[102000200,5]] 0 0 UIbase/Zhuangbei_icon/wupin_2 zb_0002 1 0 999
101000102 A2头盔 1 测试测试 2 101000103 [0,0,0,0,0] 2000 0 0 0 2 2 2 2 2 2 2 2 2 2 2 2 2 0 0 0 0 0 [0,0] [] [[102000100,5],[102000200,5]] 0 0 UIbase/Zhuangbei_icon/wupin_3 zb_0003 1 0 999
101000103 A3头盔 1 测试测试 3 101000104 [0,0,0,0,0] 400 0 0 0 3 3 3 3 3 3 3 3 3 3 3 3 3 0 0 0 0 0 [0,0] [] [[102000100,5],[102000200,5]] 0 0 UIbase/Zhuangbei_icon/wupin_4 zb_0004 1 0 999
101000104 A4头盔 1 测试测试 4 101000105 [0,0,0,0,0] 225 0 0 0 4 4 4 4 4 4 4 4 4 4 4 4 4 0 0 0 0 0 [0,0] [] [[102000100,5],[102000200,5]] 0 0 UIbase/Zhuangbei_icon/wupin_5 zb_0005 1 0 999
101000105 A5头盔 1 测试测试 5 101000106 [0,0,0,0,0] 225 0 0 0 5 5 5 5 5 5 5 5 5 5 5 5 5 0 0 0 0 0 [0,0] [] [[102000100,5],[102000200,5]] 0 0 UIbase/Zhuangbei_icon/wupin_6 zb_0006 1 0 999
101000106 A6头盔 1 测试测试 6 101000107 [0,0,0,0,0] 225 0 0 0 6 6 6 6 6 6 6 6 6 6 6 6 6 0 0 0 0 0 [0,0] [] [[102000100,5],[102000200,5]] 0 0 UIbase/Zhuangbei_icon/wupin_7 zb_0007 1 0 999
101000107 A7头盔 1 测试测试 7 0 [0,0,0,0,0] 225 0 0 0 7 7 7 7 7 7 7 7 7 7 7 7 7 0 0 0 0 0 [0,0] [] [[102000100,5],[102000200,5]] 0 0 UIbase/Zhuangbei_icon/wupin_8 zb_0008 1 0 999
101000200 A0胸甲 1 测试测试 0 101000201 [0,0,0,0,0] 225 0 0 0 100 10 10 10 10 2 0 0 1 1 1 1 1 0 0 0 0 0 [0,0] [] [[102000100,5],[102000200,5]] 0 0 UIbase/Zhuangbei_icon/wupin_9 zb_0009 1 0 999
101000201 A1胸甲 1 测试测试 1 101000202 [0,0,0,0,0] 225 0 0 0 1 1 1 1 1 1 1 1 1 1 1 1 1 0 0 0 0 0 [0,0] [] [[102000100,5],[102000200,5]] 0 0 UIbase/Zhuangbei_icon/wupin_10 zb_0010 1 0 999
101000202 A2胸甲 1 测试测试 2 101000203 [0,0,0,0,0] 225 0 0 0 2 2 2 2 2 2 2 2 2 2 2 2 2 0 0 0 0 0 [0,0] [] [[102000100,5],[102000200,5]] 0 0 UIbase/Zhuangbei_icon/wupin_11 zb_0011 1 0 999
101000203 A3胸甲 1 测试测试 3 101000204 [0,0,0,0,0] 225 0 0 0 3 3 3 3 3 3 3 3 3 3 3 3 3 0 0 0 0 0 [0,0] [] [[102000100,5],[102000200,5]] 0 0 UIbase/Zhuangbei_icon/wupin_12 zb_0012 1 0 999
101000204 A4胸甲 1 测试测试 4 101000205 [0,0,0,0,0] 225 0 0 0 4 4 4 4 4 4 4 4 4 4 4 4 4 0 0 0 0 0 [0,0] [] [[102000100,5],[102000200,5]] 0 0 UIbase/Zhuangbei_icon/wupin_13 zb_0013 1 0 999
101000205 A5胸甲 1 测试测试 5 101000206 [0,0,0,0,0] 225 0 0 0 5 5 5 5 5 5 5 5 5 5 5 5 5 0 0 0 0 0 [0,0] [] [[102000100,5],[102000200,5]] 0 0 UIbase/Zhuangbei_icon/wupin_14 zb_0014 1 0 999
101000206 A6胸甲 1 测试测试 6 101000207 [0,0,0,0,0] 225 0 0 0 6 6 6 6 6 6 6 6 6 6 6 6 6 0 0 0 0 0 [0,0] [] [[102000100,5],[102000200,5]] 0 0 UIbase/Zhuangbei_icon/wupin_15 zb_0015 1 0 999
101000207 A7胸甲 1 测试测试 7 0 [0,0,0,0,0] 225 0 0 0 7 7 7 7 7 7 7 7 7 7 7 7 7 0 0 0 0 0 [0,0] [] [[102000100,5],[102000200,5]] 0 0 UIbase/Zhuangbei_icon/wupin_16 zb_0016 1 0 999
101000300 A0护腿 1 测试测试 0 101000301 [0,0,0,0,0] 225 0 0 0 100 10 10 10 10 2 0 0 1 1 1 1 1 0 0 0 0 0 [0,0] [] [[102000100,5],[102000200,5]] 0 0 UIbase/Zhuangbei_icon/wupin_17 zb_0017 1 0 999
101000301 A1护腿 1 测试测试 1 101000302 [0,0,0,0,0] 225 0 0 0 1 1 1 1 1 1 1 1 1 1 1 1 1 0 0 0 0 0 [0,0] [] [[102000100,5],[102000200,5]] 0 0 UIbase/Zhuangbei_icon/wupin_18 zb_0018 1 0 999
101000302 A2护腿 1 测试测试 2 101000303 [0,0,0,0,0] 225 0 0 0 2 2 2 2 2 2 2 2 2 2 2 2 2 0 0 0 0 0 [0,0] [] [[102000100,5],[102000200,5]] 0 0 UIbase/Zhuangbei_icon/wupin_19 zb_0019 1 0 999
101000303 A3护腿 1 测试测试 3 101000304 [0,0,0,0,0] 225 0 0 0 3 3 3 3 3 3 3 3 3 3 3 3 3 0 0 0 0 0 [0,0] [] [[102000100,5],[102000200,5]] 0 0 UIbase/Zhuangbei_icon/wupin_20 zb_0020 1 0 999
101000304 A4护腿 1 测试测试 4 101000305 [0,0,0,0,0] 225 0 0 0 4 4 4 4 4 4 4 4 4 4 4 4 4 0 0 0 0 0 [0,0] [] [[102000100,5],[102000200,5]] 0 0 UIbase/Zhuangbei_icon/wupin_21 zb_0021 1 0 999
101000305 A5护腿 1 测试测试 5 101000306 [0,0,0,0,0] 225 0 0 0 5 5 5 5 5 5 5 5 5 5 5 5 5 0 0 0 0 0 [0,0] [] [[102000100,5],[102000200,5]] 0 0 UIbase/Zhuangbei_icon/wupin_22 zb_0022 1 0 999
101000306 A6护腿 1 测试测试 6 101000307 [0,0,0,0,0] 225 0 0 0 6 6 6 6 6 6 6 6 6 6 6 6 6 0 0 0 0 0 [0,0] [] [[102000100,5],[102000200,5]] 0 0 UIbase/Zhuangbei_icon/wupin_23 zb_0023 1 0 999
101000307 A7护腿 1 测试测试 7 0 [0,0,0,0,0] 225 0 0 0 7 7 7 7 7 7 7 7 7 7 7 7 7 0 0 0 0 0 [0,0] [] [[102000100,5],[102000200,5]] 0 0 UIbase/Zhuangbei_icon/wupin_24 zb_0024 1 0 999
101000400 A0护手 1 测试测试 0 101000401 [0,0,0,0,0] 225 0 0 0 100 10 10 10 10 2 0 0 1 1 1 1 1 0 0 0 0 0 [0,0] [] [[102000100,5],[102000200,5]] 0 0 UIbase/Zhuangbei_icon/wupin_25 zb_0025 1 0 999
101000401 A1护手 1 测试测试 1 101000402 [0,0,0,0,0] 225 0 0 0 1 1 1 1 1 1 1 1 1 1 1 1 1 0 0 0 0 0 [0,0] [] [[102000100,5],[102000200,5]] 0 0 UIbase/Zhuangbei_icon/wupin_26 zb_0026 1 0 999
101000402 A2护手 1 测试测试 2 101000403 [0,0,0,0,0] 225 0 0 0 2 2 2 2 2 2 2 2 2 2 2 2 2 0 0 0 0 0 [0,0] [] [[102000100,5],[102000200,5]] 0 0 UIbase/Zhuangbei_icon/wupin_27 zb_0027 1 0 999
101000403 A3护手 1 测试测试 3 101000404 [0,0,0,0,0] 225 0 0 0 3 3 3 3 3 3 3 3 3 3 3 3 3 0 0 0 0 0 [0,0] [] [[102000100,5],[102000200,5]] 0 0 UIbase/Zhuangbei_icon/wupin_28 zb_0028 1 0 999
101000404 A4护手 1 测试测试 4 101000405 [0,0,0,0,0] 225 0 0 0 4 4 4 4 4 4 4 4 4 4 4 4 4 0 0 0 0 0 [0,0] [] [[102000100,5],[102000200,5]] 0 0 UIbase/Zhuangbei_icon/wupin_29 zb_0029 1 0 999
101000405 A5护手 1 测试测试 5 101000406 [0,0,0,0,0] 225 0 0 0 5 5 5 5 5 5 5 5 5 5 5 5 5 0 0 0 0 0 [0,0] [] [[102000100,5],[102000200,5]] 0 0 UIbase/Zhuangbei_icon/wupin_30 zb_0030 1 0 999
101000406 A6护手 1 测试测试 6 101000407 [0,0,0,0,0] 225 0 0 0 6 6 6 6 6 6 6 6 6 6 6 6 6 0 0 0 0 0 [0,0] [] [[102000100,5],[102000200,5]] 0 0 UIbase/Zhuangbei_icon/wupin_31 zb_0031 1 0 999
101000407 A7护手 1 测试测试 7 0 [0,0,0,0,0] 225 0 0 0 7 7 7 7 7 7 7 7 7 7 7 7 7 0 0 0 0 0 [0,0] [] [[102000100,5],[102000200,5]] 0 0 UIbase/Zhuangbei_icon/wupin_32 zb_0032 1 0 999
101000500 A0长靴 1 测试测试 0 101000501 [0,0,0,0,0] 225 0 0 0 100 10 10 10 10 2 0 0 1 1 1 1 1 0 0 0 0 0 [0,0] [] [[102000100,5],[102000200,5]] 0 0 UIbase/Zhuangbei_icon/wupin_33 zb_0033 1 0 999
101000501 A1长靴 1 测试测试 1 101000502 [0,0,0,0,0] 225 0 0 0 1 1 1 1 1 1 1 1 1 1 1 1 1 0 0 0 0 0 [0,0] [] [[102000100,5],[102000200,5]] 0 0 UIbase/Zhuangbei_icon/wupin_34 zb_0034 1 0 999
101000502 A2长靴 1 测试测试 2 101000503 [0,0,0,0,0] 225 0 0 0 2 2 2 2 2 2 2 2 2 2 2 2 2 0 0 0 0 0 [0,0] [] [[102000100,5],[102000200,5]] 0 0 UIbase/Zhuangbei_icon/wupin_35 zb_0035 1 0 999
101000503 A3长靴 1 测试测试 3 101000504 [0,0,0,0,0] 225 0 0 0 3 3 3 3 3 3 3 3 3 3 3 3 3 0 0 0 0 0 [0,0] [] [[102000100,5],[102000200,5]] 0 0 UIbase/Zhuangbei_icon/wupin_36 zb_0036 1 0 999
101000504 A4长靴 1 测试测试 4 101000505 [0,0,0,0,0] 225 0 0 0 4 4 4 4 4 4 4 4 4 4 4 4 4 0 0 0 0 0 [0,0] [] [[102000100,5],[102000200,5]] 0 0 UIbase/Zhuangbei_icon/wupin_37 zb_0037 1 0 999
101000505 A5长靴 1 测试测试 5 101000506 [0,0,0,0,0] 225 0 0 0 5 5 5 5 5 5 5 5 5 5 5 5 5 0 0 0 0 0 [0,0] [] [[102000100,5],[102000200,5]] 0 0 UIbase/Zhuangbei_icon/wupin_38 zb_0038 1 0 999
101000506 A6长靴 1 测试测试 6 101000507 [0,0,0,0,0] 225 0 0 0 6 6 6 6 6 6 6 6 6 6 6 6 6 0 0 0 0 0 [0,0] [] [[102000100,5],[102000200,5]] 0 0 UIbase/Zhuangbei_icon/wupin_39 zb_0039 1 0 999
101000507 A7长靴 1 测试测试 7 0 [0,0,0,0,0] 225 0 0 0 7 7 7 7 7 7 7 7 7 7 7 7 7 0 0 0 0 0 [0,0] [] [[102000100,5],[102000200,5]] 0 0 UIbase/Zhuangbei_icon/wupin_40 zb_0040 1 0 999
101000600 B0头盔 1 测试测试 0 101000601 [0,0,0,0,0] 225 0 0 0 100 10 10 10 10 2 0 0 1 1 1 1 1 0 0 0 0 0 [0,0] [] [[102000100,5],[102000200,5]] 0 0 UIbase/Zhuangbei_icon/wupin_41 zb_0041 1 0 999
101000601 B1头盔 1 测试测试 1 101000602 [0,0,0,0,0] 225 0 0 0 1 1 1 1 1 1 1 1 1 1 1 1 1 0 0 0 0 0 [0,0] [] [[102000100,5],[102000200,5]] 0 0 UIbase/Zhuangbei_icon/wupin_42 zb_0042 1 0 999
101000602 B2头盔 1 测试测试 2 101000603 [0,0,0,0,0] 225 0 0 0 2 2 2 2 2 2 2 2 2 2 2 2 2 0 0 0 0 0 [0,0] [] [[102000100,5],[102000200,5]] 0 0 UIbase/Zhuangbei_icon/wupin_43 zb_0043 1 0 999
101000603 B3头盔 1 测试测试 3 101000604 [0,0,0,0,0] 225 0 0 0 3 3 3 3 3 3 3 3 3 3 3 3 3 0 0 0 0 0 [0,0] [] [[102000100,5],[102000200,5]] 0 0 UIbase/Zhuangbei_icon/wupin_44 zb_0044 1 0 999
101000604 B4头盔 1 测试测试 4 101000605 [0,0,0,0,0] 225 0 0 0 4 4 4 4 4 4 4 4 4 4 4 4 4 0 0 0 0 0 [0,0] [] [[102000100,5],[102000200,5]] 0 0 UIbase/Zhuangbei_icon/wupin_45 zb_0045 1 0 999
101000605 B5头盔 1 测试测试 5 101000606 [0,0,0,0,0] 225 0 0 0 5 5 5 5 5 5 5 5 5 5 5 5 5 0 0 0 0 0 [0,0] [] [[102000100,5],[102000200,5]] 0 0 UIbase/Zhuangbei_icon/wupin_46 zb_0046 1 0 999
101000606 B6头盔 1 测试测试 6 101000607 [0,0,0,0,0] 225 0 0 0 6 6 6 6 6 6 6 6 6 6 6 6 6 0 0 0 0 0 [0,0] [] [[102000100,5],[102000200,5]] 0 0 UIbase/Zhuangbei_icon/wupin_47 zb_0047 1 0 999
101000607 B7头盔 1 测试测试 7 0 [0,0,0,0,0] 225 0 0 0 7 7 7 7 7 7 7 7 7 7 7 7 7 0 0 0 0 0 [0,0] [] [[102000100,5],[102000200,5]] 0 0 UIbase/Zhuangbei_icon/wupin_48 zb_0048 1 0 999
101000700 B0胸甲 1 测试测试 0 101000701 [0,0,0,0,0] 225 0 0 0 100 10 10 10 10 2 0 0 1 1 1 1 1 0 0 0 0 0 [0,0] [] [[102000100,5],[102000200,5]] 0 0 UIbase/Zhuangbei_icon/wupin_49 zb_0049 1 0 999
101000701 B1胸甲 1 测试测试 1 101000702 [0,0,0,0,0] 225 0 0 0 1 1 1 1 1 1 1 1 1 1 1 1 1 0 0 0 0 0 [0,0] [] [[102000100,5],[102000200,5]] 0 0 UIbase/Zhuangbei_icon/wupin_50 zb_0050 1 0 999
101000702 B2胸甲 1 测试测试 2 101000703 [0,0,0,0,0] 225 0 0 0 2 2 2 2 2 2 2 2 2 2 2 2 2 0 0 0 0 0 [0,0] [] [[102000100,5],[102000200,5]] 0 0 UIbase/Zhuangbei_icon/wupin_51 zb_0051 1 0 999
101000703 B3胸甲 1 测试测试 3 101000704 [0,0,0,0,0] 225 0 0 0 3 3 3 3 3 3 3 3 3 3 3 3 3 0 0 0 0 0 [0,0] [] [[102000100,5],[102000200,5]] 0 0 UIbase/Zhuangbei_icon/wupin_52 zb_0052 1 0 999
101000704 B4胸甲 1 测试测试 4 101000705 [0,0,0,0,0] 225 0 0 0 4 4 4 4 4 4 4 4 4 4 4 4 4 0 0 0 0 0 [0,0] [] [[102000100,5],[102000200,5]] 0 0 UIbase/Zhuangbei_icon/wupin_53 zb_0053 1 0 999
101000705 B5胸甲 1 测试测试 5 101000706 [0,0,0,0,0] 225 0 0 0 5 5 5 5 5 5 5 5 5 5 5 5 5 0 0 0 0 0 [0,0] [] [[102000100,5],[102000200,5]] 0 0 UIbase/Zhuangbei_icon/wupin_54 zb_0054 1 0 999
101000706 B6胸甲 1 测试测试 6 101000707 [0,0,0,0,0] 225 0 0 0 6 6 6 6 6 6 6 6 6 6 6 6 6 0 0 0 0 0 [0,0] [] [[102000100,5],[102000200,5]] 0 0 UIbase/Zhuangbei_icon/wupin_55 zb_0055 1 0 999
101000707 B7胸甲 1 测试测试 7 0 [0,0,0,0,0] 225 0 0 0 7 7 7 7 7 7 7 7 7 7 7 7 7 0 0 0 0 0 [0,0] [] [[102000100,5],[102000200,5]] 0 0 UIbase/Zhuangbei_icon/wupin_56 zb_0056 1 0 999
101000800 B0护腿 1 测试测试 0 101000801 [0,0,0,0,0] 225 0 0 0 100 10 10 10 10 2 0 0 1 1 1 1 1 0 0 0 0 0 [0,0] [] [[102000100,5],[102000200,5]] 0 0 UIbase/Zhuangbei_icon/wupin_57 zb_0057 1 0 999
101000801 B1护腿 1 测试测试 1 101000802 [0,0,0,0,0] 225 0 0 0 1 1 1 1 1 1 1 1 1 1 1 1 1 0 0 0 0 0 [0,0] [] [[102000100,5],[102000200,5]] 0 0 UIbase/Zhuangbei_icon/wupin_58 zb_0058 1 0 999
101000802 B2护腿 1 测试测试 2 101000803 [0,0,0,0,0] 225 0 0 0 2 2 2 2 2 2 2 2 2 2 2 2 2 0 0 0 0 0 [0,0] [] [[102000100,5],[102000200,5]] 0 0 UIbase/Zhuangbei_icon/wupin_59 zb_0059 1 0 999
101000803 B3护腿 1 测试测试 3 101000804 [0,0,0,0,0] 225 0 0 0 3 3 3 3 3 3 3 3 3 3 3 3 3 0 0 0 0 0 [0,0] [] [[102000100,5],[102000200,5]] 0 0 UIbase/Zhuangbei_icon/wupin_60 zb_0060 1 0 999
101000804 B4护腿 1 测试测试 4 101000805 [0,0,0,0,0] 225 0 0 0 4 4 4 4 4 4 4 4 4 4 4 4 4 0 0 0 0 0 [0,0] [] [[102000100,5],[102000200,5]] 0 0 UIbase/Zhuangbei_icon/wupin_61 zb_0061 1 0 999
101000805 B5护腿 1 测试测试 5 101000806 [0,0,0,0,0] 225 0 0 0 5 5 5 5 5 5 5 5 5 5 5 5 5 0 0 0 0 0 [0,0] [] [[102000100,5],[102000200,5]] 0 0 UIbase/Zhuangbei_icon/wupin_62 zb_0062 1 0 999
101000806 B6护腿 1 测试测试 6 101000807 [0,0,0,0,0] 225 0 0 0 6 6 6 6 6 6 6 6 6 6 6 6 6 0 0 0 0 0 [0,0] [] [[102000100,5],[102000200,5]] 0 0 UIbase/Zhuangbei_icon/wupin_63 zb_0063 1 0 999
101000807 B7护腿 1 测试测试 7 0 [0,0,0,0,0] 225 0 0 0 7 7 7 7 7 7 7 7 7 7 7 7 7 0 0 0 0 0 [0,0] [] [[102000100,5],[102000200,5]] 0 0 UIbase/Zhuangbei_icon/wupin_64 zb_0064 1 0 999
101000900 B0护手 1 测试测试 0 101000901 [0,0,0,0,0] 225 0 0 0 100 10 10 10 10 2 0 0 1 1 1 1 1 0 0 0 0 0 [0,0] [] [[102000100,5],[102000200,5]] 0 0 UIbase/Zhuangbei_icon/wupin_65 zb_0065 1 0 999
101000901 B1护手 1 测试测试 1 101000902 [0,0,0,0,0] 225 0 0 0 1 1 1 1 1 1 1 1 1 1 1 1 1 0 0 0 0 0 [0,0] [] [[102000100,5],[102000200,5]] 0 0 UIbase/Zhuangbei_icon/wupin_66 zb_0066 1 0 999
101000902 B2护手 1 测试测试 2 101000903 [0,0,0,0,0] 225 0 0 0 2 2 2 2 2 2 2 2 2 2 2 2 2 0 0 0 0 0 [0,0] [] [[102000100,5],[102000200,5]] 0 0 UIbase/Zhuangbei_icon/wupin_67 zb_0067 1 0 999
101000903 B3护手 1 测试测试 3 101000904 [0,0,0,0,0] 225 0 0 0 3 3 3 3 3 3 3 3 3 3 3 3 3 0 0 0 0 0 [0,0] [] [[102000100,5],[102000200,5]] 0 0 UIbase/Zhuangbei_icon/wupin_68 zb_0068 1 0 999
101000904 B4护手 1 测试测试 4 101000905 [0,0,0,0,0] 225 0 0 0 4 4 4 4 4 4 4 4 4 4 4 4 4 0 0 0 0 0 [0,0] [] [[102000100,5],[102000200,5]] 0 0 UIbase/Zhuangbei_icon/wupin_69 zb_0069 1 0 999
101000905 B5护手 1 测试测试 5 101000906 [0,0,0,0,0] 225 0 0 0 5 5 5 5 5 5 5 5 5 5 5 5 5 0 0 0 0 0 [0,0] [] [[102000100,5],[102000200,5]] 0 0 UIbase/Zhuangbei_icon/wupin_70 zb_0070 1 0 999
101000906 B6护手 1 测试测试 6 101000907 [0,0,0,0,0] 225 0 0 0 6 6 6 6 6 6 6 6 6 6 6 6 6 0 0 0 0 0 [0,0] [] [[102000100,5],[102000200,5]] 0 0 UIbase/Zhuangbei_icon/wupin_71 zb_0071 1 0 999
101000907 B7护手 1 测试测试 7 0 [0,0,0,0,0] 225 0 0 0 7 7 7 7 7 7 7 7 7 7 7 7 7 0 0 0 0 0 [0,0] [] [[102000100,5],[102000200,5]] 0 0 UIbase/Zhuangbei_icon/wupin_72 zb_0072 1 0 999
101001000 B0长靴 1 测试测试 0 101001001 [0,0,0,0,0] 225 0 0 0 100 10 10 10 10 2 0 0 1 1 1 1 1 0 0 0 0 0 [0,0] [] [[102000100,5],[102000200,5]] 0 0 UIbase/Zhuangbei_icon/wupin_73 zb_0073 1 0 999
101001001 B1长靴 1 测试测试 1 101001002 [0,0,0,0,0] 225 0 0 0 1 1 1 1 1 1 1 1 1 1 1 1 1 0 0 0 0 0 [0,0] [] [[102000100,5],[102000200,5]] 0 0 UIbase/Zhuangbei_icon/wupin_74 zb_0074 1 0 999
101001002 B2长靴 1 测试测试 2 101001003 [0,0,0,0,0] 225 0 0 0 2 2 2 2 2 2 2 2 2 2 2 2 2 0 0 0 0 0 [0,0] [] [[102000100,5],[102000200,5]] 0 0 UIbase/Zhuangbei_icon/wupin_75 zb_0075 1 0 999
101001003 B3长靴 1 测试测试 3 101001004 [0,0,0,0,0] 225 0 0 0 3 3 3 3 3 3 3 3 3 3 3 3 3 0 0 0 0 0 [0,0] [] [[102000100,5],[102000200,5]] 0 0 UIbase/Zhuangbei_icon/wupin_76 zb_0076 1 0 999
101001004 B4长靴 1 测试测试 4 101001005 [0,0,0,0,0] 225 0 0 0 4 4 4 4 4 4 4 4 4 4 4 4 4 0 0 0 0 0 [0,0] [] [[102000100,5],[102000200,5]] 0 0 UIbase/Zhuangbei_icon/wupin_77 zb_0077 1 0 999
101001005 B5长靴 1 测试测试 5 101001006 [0,0,0,0,0] 225 0 0 0 5 5 5 5 5 5 5 5 5 5 5 5 5 0 0 0 0 0 [0,0] [] [[102000100,5],[102000200,5]] 0 0 UIbase/Zhuangbei_icon/wupin_78 zb_0078 1 0 999
101001006 B6长靴 1 测试测试 6 101001007 [0,0,0,0,0] 225 0 0 0 6 6 6 6 6 6 6 6 6 6 6 6 6 0 0 0 0 0 [0,0] [] [[102000100,5],[102000200,5]] 0 0 UIbase/Zhuangbei_icon/wupin_79 zb_0079 1 0 999
101001007 B7长靴 1 测试测试 7 0 [0,0,0,0,0] 225 0 0 0 7 7 7 7 7 7 7 7 7 7 7 7 7 0 0 0 0 0 [0,0] [] [[102000100,5],[102000200,5]] 0 0 UIbase/Zhuangbei_icon/wupin_80 zb_0080 1 0 999
101001100 C0头盔 1 测试测试 0 101001101 [0,0,0,0,0] 225 0 0 0 100 10 10 10 10 2 0 0 1 1 1 1 1 0 0 0 0 0 [0,0] [] [[102000100,5],[102000200,5]] 0 0 UIbase/Zhuangbei_icon/wupin_81 zb_0081 1 0 999
101001101 C1头盔 1 测试测试 1 101001102 [0,0,0,0,0] 225 0 0 0 1 1 1 1 1 1 1 1 1 1 1 1 1 0 0 0 0 0 [0,0] [] [[102000100,5],[102000200,5]] 0 0 UIbase/Zhuangbei_icon/wupin_82 zb_0082 1 0 999
101001102 C2头盔 1 测试测试 2 101001103 [0,0,0,0,0] 225 0 0 0 2 2 2 2 2 2 2 2 2 2 2 2 2 0 0 0 0 0 [0,0] [] [[102000100,5],[102000200,5]] 0 0 UIbase/Zhuangbei_icon/wupin_83 zb_0083 1 0 999
101001103 C3头盔 1 测试测试 3 101001104 [0,0,0,0,0] 225 0 0 0 3 3 3 3 3 3 3 3 3 3 3 3 3 0 0 0 0 0 [0,0] [] [[102000100,5],[102000200,5]] 0 0 UIbase/Zhuangbei_icon/wupin_84 zb_0084 1 0 999
101001104 C4头盔 1 测试测试 4 101001105 [0,0,0,0,0] 225 0 0 0 4 4 4 4 4 4 4 4 4 4 4 4 4 0 0 0 0 0 [0,0] [] [[102000100,5],[102000200,5]] 0 0 UIbase/Zhuangbei_icon/wupin_85 zb_0085 1 0 999
101001105 C5头盔 1 测试测试 5 101001106 [0,0,0,0,0] 225 0 0 0 5 5 5 5 5 5 5 5 5 5 5 5 5 0 0 0 0 0 [0,0] [] [[102000100,5],[102000200,5]] 0 0 UIbase/Zhuangbei_icon/wupin_86 zb_0086 1 0 999
101001106 C6头盔 1 测试测试 6 101001107 [0,0,0,0,0] 225 0 0 0 6 6 6 6 6 6 6 6 6 6 6 6 6 0 0 0 0 0 [0,0] [] [[102000100,5],[102000200,5]] 0 0 UIbase/Zhuangbei_icon/wupin_87 zb_0087 1 0 999
101001107 C7头盔 1 测试测试 7 0 [0,0,0,0,0] 225 0 0 0 7 7 7 7 7 7 7 7 7 7 7 7 7 0 0 0 0 0 [0,0] [] [[102000100,5],[102000200,5]] 0 0 UIbase/Zhuangbei_icon/wupin_88 zb_0088 1 0 999
101001200 C0胸甲 1 测试测试 0 101001201 [0,0,0,0,0] 225 0 0 0 100 10 10 10 10 2 0 0 1 1 1 1 1 0 0 0 0 0 [0,0] [] [[102000100,5],[102000200,5]] 0 0 UIbase/Zhuangbei_icon/wupin_89 zb_0089 1 0 999
101001201 C1胸甲 1 测试测试 1 101001202 [0,0,0,0,0] 225 0 0 0 1 1 1 1 1 1 1 1 1 1 1 1 1 0 0 0 0 0 [0,0] [] [[102000100,5],[102000200,5]] 0 0 UIbase/Zhuangbei_icon/wupin_90 zb_0090 1 0 999
101001202 C2胸甲 1 测试测试 2 101001203 [0,0,0,0,0] 225 0 0 0 2 2 2 2 2 2 2 2 2 2 2 2 2 0 0 0 0 0 [0,0] [] [[102000100,5],[102000200,5]] 0 0 UIbase/Zhuangbei_icon/wupin_91 zb_0091 1 0 999
101001203 C3胸甲 1 测试测试 3 101001204 [0,0,0,0,0] 225 0 0 0 3 3 3 3 3 3 3 3 3 3 3 3 3 0 0 0 0 0 [0,0] [] [[102000100,5],[102000200,5]] 0 0 UIbase/Zhuangbei_icon/wupin_92 zb_0092 1 0 999
101001204 C4胸甲 1 测试测试 4 101001205 [0,0,0,0,0] 225 0 0 0 4 4 4 4 4 4 4 4 4 4 4 4 4 0 0 0 0 0 [0,0] [] [[102000100,5],[102000200,5]] 0 0 UIbase/Zhuangbei_icon/wupin_93 zb_0093 1 0 999
101001205 C5胸甲 1 测试测试 5 101001206 [0,0,0,0,0] 225 0 0 0 5 5 5 5 5 5 5 5 5 5 5 5 5 0 0 0 0 0 [0,0] [] [[102000100,5],[102000200,5]] 0 0 UIbase/Zhuangbei_icon/wupin_94 zb_0094 1 0 999
101001206 C6胸甲 1 测试测试 6 101001207 [0,0,0,0,0] 225 0 0 0 6 6 6 6 6 6 6 6 6 6 6 6 6 0 0 0 0 0 [0,0] [] [[102000100,5],[102000200,5]] 0 0 UIbase/Zhuangbei_icon/wupin_95 zb_0095 1 0 999
101001207 C7胸甲 1 测试测试 7 0 [0,0,0,0,0] 225 0 0 0 7 7 7 7 7 7 7 7 7 7 7 7 7 0 0 0 0 0 [0,0] [] [[102000100,5],[102000200,5]] 0 0 UIbase/Zhuangbei_icon/wupin_96 zb_0096 1 0 999
101001300 C0护腿 1 测试测试 0 101001301 [0,0,0,0,0] 225 0 0 0 100 10 10 10 10 2 0 0 1 1 1 1 1 0 0 0 0 0 [0,0] [] [[102000100,5],[102000200,5]] 0 0 UIbase/Zhuangbei_icon/wupin_97 zb_0097 1 0 999
101001301 C1护腿 1 测试测试 1 101001302 [0,0,0,0,0] 225 0 0 0 1 1 1 1 1 1 1 1 1 1 1 1 1 0 0 0 0 0 [0,0] [] [[102000100,5],[102000200,5]] 0 0 UIbase/Zhuangbei_icon/wupin_98 zb_0098 1 0 999
101001302 C2护腿 1 测试测试 2 101001303 [0,0,0,0,0] 225 0 0 0 2 2 2 2 2 2 2 2 2 2 2 2 2 0 0 0 0 0 [0,0] [] [[102000100,5],[102000200,5]] 0 0 UIbase/Zhuangbei_icon/wupin_99 zb_0099 1 0 999
101001303 C3护腿 1 测试测试 3 101001304 [0,0,0,0,0] 225 0 0 0 3 3 3 3 3 3 3 3 3 3 3 3 3 0 0 0 0 0 [0,0] [] [[102000100,5],[102000200,5]] 0 0 UIbase/Zhuangbei_icon/wupin_100 zb_0100 1 0 999
101001304 C4护腿 1 测试测试 4 101001305 [0,0,0,0,0] 225 0 0 0 4 4 4 4 4 4 4 4 4 4 4 4 4 0 0 0 0 0 [0,0] [] [[102000100,5],[102000200,5]] 0 0 UIbase/Zhuangbei_icon/wupin_101 zb_0101 1 0 999
101001305 C5护腿 1 测试测试 5 101001306 [0,0,0,0,0] 225 0 0 0 5 5 5 5 5 5 5 5 5 5 5 5 5 0 0 0 0 0 [0,0] [] [[102000100,5],[102000200,5]] 0 0 UIbase/Zhuangbei_icon/wupin_102 zb_0102 1 0 999
101001306 C6护腿 1 测试测试 6 101001307 [0,0,0,0,0] 225 0 0 0 6 6 6 6 6 6 6 6 6 6 6 6 6 0 0 0 0 0 [0,0] [] [[102000100,5],[102000200,5]] 0 0 UIbase/Zhuangbei_icon/wupin_103 zb_0103 1 0 999
101001307 C7护腿 1 测试测试 7 0 [0,0,0,0,0] 225 0 0 0 7 7 7 7 7 7 7 7 7 7 7 7 7 0 0 0 0 0 [0,0] [] [[102000100,5],[102000200,5]] 0 0 UIbase/Zhuangbei_icon/wupin_104 zb_0104 1 0 999
101001400 C0护手 1 测试测试 0 101001401 [0,0,0,0,0] 225 0 0 0 100 10 10 10 10 2 0 0 1 1 1 1 1 0 0 0 0 0 [0,0] [] [[102000100,5],[102000200,5]] 0 0 UIbase/Zhuangbei_icon/wupin_105 zb_0105 1 0 999
101001401 C1护手 1 测试测试 1 101001402 [0,0,0,0,0] 225 0 0 0 1 1 1 1 1 1 1 1 1 1 1 1 1 0 0 0 0 0 [0,0] [] [[102000100,5],[102000200,5]] 0 0 UIbase/Zhuangbei_icon/wupin_106 zb_0106 1 0 999
101001402 C2护手 1 测试测试 2 101001403 [0,0,0,0,0] 225 0 0 0 2 2 2 2 2 2 2 2 2 2 2 2 2 0 0 0 0 0 [0,0] [] [[102000100,5],[102000200,5]] 0 0 UIbase/Zhuangbei_icon/wupin_107 zb_0107 1 0 999
101001403 C3护手 1 测试测试 3 101001404 [0,0,0,0,0] 225 0 0 0 3 3 3 3 3 3 3 3 3 3 3 3 3 0 0 0 0 0 [0,0] [] [[102000100,5],[102000200,5]] 0 0 UIbase/Zhuangbei_icon/wupin_108 zb_0108 1 0 999
101001404 C4护手 1 测试测试 4 101001405 [0,0,0,0,0] 225 0 0 0 4 4 4 4 4 4 4 4 4 4 4 4 4 0 0 0 0 0 [0,0] [] [[102000100,5],[102000200,5]] 0 0 UIbase/Zhuangbei_icon/wupin_109 zb_0109 1 0 999
101001405 C5护手 1 测试测试 5 101001406 [0,0,0,0,0] 225 0 0 0 5 5 5 5 5 5 5 5 5 5 5 5 5 0 0 0 0 0 [0,0] [] [[102000100,5],[102000200,5]] 0 0 UIbase/Zhuangbei_icon/wupin_110 zb_0110 1 0 999
101001406 C6护手 1 测试测试 6 101001407 [0,0,0,0,0] 225 0 0 0 6 6 6 6 6 6 6 6 6 6 6 6 6 0 0 0 0 0 [0,0] [] [[102000100,5],[102000200,5]] 0 0 UIbase/Zhuangbei_icon/wupin_111 zb_0111 1 0 999
101001407 C7护手 1 测试测试 7 0 [0,0,0,0,0] 225 0 0 0 7 7 7 7 7 7 7 7 7 7 7 7 7 0 0 0 0 0 [0,0] [] [[102000100,5],[102000200,5]] 0 0 UIbase/Zhuangbei_icon/wupin_112 zb_0112 1 0 999
101001500 C0长靴 1 测试测试 0 101001501 [0,0,0,0,0] 225 0 0 0 100 10 10 10 10 2 0 0 1 1 1 1 1 0 0 0 0 0 [0,0] [] [[102000100,5],[102000200,5]] 0 0 UIbase/Zhuangbei_icon/wupin_113 zb_0113 1 0 999
101001501 C1长靴 1 测试测试 1 101001502 [0,0,0,0,0] 225 0 0 0 1 1 1 1 1 1 1 1 1 1 1 1 1 0 0 0 0 0 [0,0] [] [[102000100,5],[102000200,5]] 0 0 UIbase/Zhuangbei_icon/wupin_114 zb_0114 1 0 999
101001502 C2长靴 1 测试测试 2 101001503 [0,0,0,0,0] 225 0 0 0 2 2 2 2 2 2 2 2 2 2 2 2 2 0 0 0 0 0 [0,0] [] [[102000100,5],[102000200,5]] 0 0 UIbase/Zhuangbei_icon/wupin_115 zb_0115 1 0 999
101001503 C3长靴 1 测试测试 3 101001504 [0,0,0,0,0] 225 0 0 0 3 3 3 3 3 3 3 3 3 3 3 3 3 0 0 0 0 0 [0,0] [] [[102000100,5],[102000200,5]] 0 0 UIbase/Zhuangbei_icon/wupin_116 zb_0116 1 0 999
101001504 C4长靴 1 测试测试 4 101001505 [0,0,0,0,0] 225 0 0 0 4 4 4 4 4 4 4 4 4 4 4 4 4 0 0 0 0 0 [0,0] [] [[102000100,5],[102000200,5]] 0 0 UIbase/Zhuangbei_icon/wupin_117 zb_0117 1 0 999
101001505 C5长靴 1 测试测试 5 101001506 [0,0,0,0,0] 225 0 0 0 5 5 5 5 5 5 5 5 5 5 5 5 5 0 0 0 0 0 [0,0] [] [[102000100,5],[102000200,5]] 0 0 UIbase/Zhuangbei_icon/wupin_118 zb_0118 1 0 999
101001506 C6长靴 1 测试测试 6 101001507 [0,0,0,0,0] 225 0 0 0 6 6 6 6 6 6 6 6 6 6 6 6 6 0 0 0 0 0 [0,0] [] [[102000100,5],[102000200,5]] 0 0 UIbase/Zhuangbei_icon/wupin_119 zb_0119 1 0 999
101001507 C7长靴 1 测试测试 7 0 [0,0,0,0,0] 225 0 0 0 7 7 7 7 7 7 7 7 7 7 7 7 7 0 0 0 0 0 [0,0] [] [[102000100,5],[102000200,5]] 0 0 UIbase/Zhuangbei_icon/wupin_120 zb_0120 1 0 999
101001600 冰女武器0 1 测试测试 0 101001601 [0,0,0,0,0] 225 0 0 0 100 10 10 10 10 2 0 0 1 1 1 1 1 0 0 0 0 0 [0,0] [] [[102000100,5],[102000200,5]] 0 0 UIbase/Zhuangbei_icon/wupin_121 zb_0121 1 0 999
101001601 冰女武器1 1 测试测试 1 101001602 [0,0,0,0,0] 225 0 0 0 1 1 1 1 1 1 1 1 1 1 1 1 1 0 0 0 0 0 [0,0] [] [[102000100,5],[102000200,5]] 0 0 UIbase/Zhuangbei_icon/wupin_122 zb_0122 1 0 999
101001602 冰女武器2 1 测试测试 2 101001603 [0,0,0,0,0] 225 0 0 0 2 2 2 2 2 2 2 2 2 2 2 2 2 0 0 0 0 0 [0,0] [] [[102000100,5],[102000200,5]] 0 0 UIbase/Zhuangbei_icon/wupin_123 zb_0123 1 0 999
101001603 冰女武器3 1 测试测试 3 101001604 [0,0,0,0,0] 225 0 0 0 3 3 3 3 3 3 3 3 3 3 3 3 3 0 0 0 0 0 [0,0] [] [[102000100,5],[102000200,5]] 0 0 UIbase/Zhuangbei_icon/wupin_124 zb_0124 1 0 999
101001604 冰女武器4 1 测试测试 4 101001605 [0,0,0,0,0] 225 0 0 0 4 4 4 4 4 4 4 4 4 4 4 4 4 0 0 0 0 0 [0,0] [] [[102000100,5],[102000200,5]] 0 0 UIbase/Zhuangbei_icon/wupin_125 zb_0125 1 0 999
101001605 冰女武器5 1 测试测试 5 101001606 [0,0,0,0,0] 225 0 0 0 5 5 5 5 5 5 5 5 5 5 5 5 5 0 0 0 0 0 [0,0] [] [[102000100,5],[102000200,5]] 0 0 UIbase/Zhuangbei_icon/wupin_126 zb_0126 1 0 999
101001606 冰女武器6 1 测试测试 6 101001607 [0,0,0,0,0] 225 0 0 0 6 6 6 6 6 6 6 6 6 6 6 6 6 0 0 0 0 0 [0,0] [] [[102000100,5],[102000200,5]] 0 0 UIbase/Zhuangbei_icon/wupin_127 zb_0127 1 0 999
101001607 冰女武器7 1 测试测试 7 0 [0,0,0,0,0] 225 0 0 0 7 7 7 7 7 7 7 7 7 7 7 7 7 0 0 0 0 0 [0,0] [] [[102000100,5],[102000200,5]] 0 0 UIbase/Zhuangbei_icon/wupin_128 zb_0128 1 0 999
101001700 巨魔武器0 1 测试测试 0 101001701 [0,0,0,0,0] 225 0 0 0 100 10 10 10 10 2 0 0 1 1 1 1 1 0 0 0 0 0 [0,0] [] [[102000100,5],[102000200,5]] 0 0 UIbase/Zhuangbei_icon/wupin_129 zb_0129 1 0 999
101001701 巨魔武器1 1 测试测试 1 101001702 [0,0,0,0,0] 225 0 0 0 1 1 1 1 1 1 1 1 1 1 1 1 1 0 0 0 0 0 [0,0] [] [[102000100,5],[102000200,5]] 0 0 UIbase/Zhuangbei_icon/wupin_130 zb_0130 1 0 999
101001702 巨魔武器2 1 测试测试 2 101001703 [0,0,0,0,0] 225 0 0 0 2 2 2 2 2 2 2 2 2 2 2 2 2 0 0 0 0 0 [0,0] [] [[102000100,5],[102000200,5]] 0 0 UIbase/Zhuangbei_icon/wupin_131 zb_0131 1 0 999
101001703 巨魔武器3 1 测试测试 3 101001704 [0,0,0,0,0] 225 0 0 0 3 3 3 3 3 3 3 3 3 3 3 3 3 0 0 0 0 0 [0,0] [] [[102000100,5],[102000200,5]] 0 0 UIbase/Zhuangbei_icon/wupin_132 zb_0132 1 0 999
101001704 巨魔武器4 1 测试测试 4 101001705 [0,0,0,0,0] 225 0 0 0 4 4 4 4 4 4 4 4 4 4 4 4 4 0 0 0 0 0 [0,0] [] [[102000100,5],[102000200,5]] 0 0 UIbase/Zhuangbei_icon/wupin_133 zb_0133 1 0 999
101001705 巨魔武器5 1 测试测试 5 101001706 [0,0,0,0,0] 225 0 0 0 5 5 5 5 5 5 5 5 5 5 5 5 5 0 0 0 0 0 [0,0] [] [[102000100,5],[102000200,5]] 0 0 UIbase/Zhuangbei_icon/wupin_134 zb_0134 1 0 999
101001706 巨魔武器6 1 测试测试 6 101001707 [0,0,0,0,0] 225 0 0 0 6 6 6 6 6 6 6 6 6 6 6 6 6 0 0 0 0 0 [0,0] [] [[102000100,5],[102000200,5]] 0 0 UIbase/Zhuangbei_icon/wupin_135 zb_0135 1 0 999
101001707 巨魔武器7 1 测试测试 7 0 [0,0,0,0,0] 225 0 0 0 7 7 7 7 7 7 7 7 7 7 7 7 7 0 0 0 0 0 [0,0] [] [[102000100,5],[102000200,5]] 0 0 UIbase/Zhuangbei_icon/wupin_136 zb_0136 1 0 999
101001800 圣骑武器0 1 测试测试 0 101001801 [0,0,0,0,0] 225 0 0 0 100 10 10 10 10 2 0 0 1 1 1 1 1 0 0 0 0 0 [0,0] [] [[102000100,5],[102000200,5]] 0 0 UIbase/Zhuangbei_icon/wupin_137 zb_0137 1 0 999
101001801 圣骑武器1 1 测试测试 1 101001802 [0,0,0,0,0] 225 0 0 0 1 1 1 1 1 1 1 1 1 1 1 1 1 0 0 0 0 0 [0,0] [] [[102000100,5],[102000200,5]] 0 0 UIbase/Zhuangbei_icon/wupin_138 zb_0138 1 0 999
101001802 圣骑武器2 1 测试测试 2 101001803 [0,0,0,0,0] 225 0 0 0 2 2 2 2 2 2 2 2 2 2 2 2 2 0 0 0 0 0 [0,0] [] [[102000100,5],[102000200,5]] 0 0 UIbase/Zhuangbei_icon/wupin_139 zb_0139 1 0 999
101001803 圣骑武器3 1 测试测试 3 101001804 [0,0,0,0,0] 225 0 0 0 3 3 3 3 3 3 3 3 3 3 3 3 3 0 0 0 0 0 [0,0] [] [[102000100,5],[102000200,5]] 0 0 UIbase/Zhuangbei_icon/wupin_140 zb_0140 1 0 999
101001804 圣骑武器4 1 测试测试 4 101001805 [0,0,0,0,0] 225 0 0 0 4 4 4 4 4 4 4 4 4 4 4 4 4 0 0 0 0 0 [0,0] [] [[102000100,5],[102000200,5]] 0 0 UIbase/Zhuangbei_icon/wupin_141 zb_0141 1 0 999
101001805 圣骑武器5 1 测试测试 5 101001806 [0,0,0,0,0] 225 0 0 0 5 5 5 5 5 5 5 5 5 5 5 5 5 0 0 0 0 0 [0,0] [] [[102000100,5],[102000200,5]] 0 0 UIbase/Zhuangbei_icon/wupin_142 zb_0142 1 0 999
101001806 圣骑武器6 1 测试测试 6 101001807 [0,0,0,0,0] 225 0 0 0 6 6 6 6 6 6 6 6 6 6 6 6 6 0 0 0 0 0 [0,0] [] [[102000100,5],[102000200,5]] 0 0 UIbase/Zhuangbei_icon/wupin_143 zb_0143 1 0 999
101001807 圣骑武器7 1 测试测试 7 0 [0,0,0,0,0] 225 0 0 0 7 7 7 7 7 7 7 7 7 7 7 7 7 0 0 0 0 0 [0,0] [] [[102000100,5],[102000200,5]] 0 0 UIbase/Zhuangbei_icon/wupin_144 zb_0144 1 0 999
101001900 沙王武器0 1 测试测试 0 101001901 [0,0,0,0,0] 225 0 0 0 100 10 10 10 10 2 0 0 1 1 1 1 1 0 0 0 0 0 [0,0] [] [[102000100,5],[102000200,5]] 0 0 UIbase/Zhuangbei_icon/wupin_145 zb_0145 1 0 999
101001901 沙王武器1 1 测试测试 1 101001902 [0,0,0,0,0] 225 0 0 0 1 1 1 1 1 1 1 1 1 1 1 1 1 0 0 0 0 0 [0,0] [] [[102000100,5],[102000200,5]] 0 0 UIbase/Zhuangbei_icon/wupin_146 zb_0146 1 0 999
101001902 沙王武器2 1 测试测试 2 101001903 [0,0,0,0,0] 225 0 0 0 2 2 2 2 2 2 2 2 2 2 2 2 2 0 0 0 0 0 [0,0] [] [[102000100,5],[102000200,5]] 0 0 UIbase/Zhuangbei_icon/wupin_147 zb_0147 1 0 999
101001903 沙王武器3 1 测试测试 3 101001904 [0,0,0,0,0] 225 0 0 0 3 3 3 3 3 3 3 3 3 3 3 3 3 0 0 0 0 0 [0,0] [] [[102000100,5],[102000200,5]] 0 0 UIbase/Zhuangbei_icon/wupin_148 zb_0148 1 0 999
101001904 沙王武器4 1 测试测试 4 101001905 [0,0,0,0,0] 225 0 0 0 4 4 4 4 4 4 4 4 4 4 4 4 4 0 0 0 0 0 [0,0] [] [[102000100,5],[102000200,5]] 0 0 UIbase/Zhuangbei_icon/wupin_149 zb_0149 1 0 999
101001905 沙王武器5 1 测试测试 5 101001906 [0,0,0,0,0] 225 0 0 0 5 5 5 5 5 5 5 5 5 5 5 5 5 0 0 0 0 0 [0,0] [] [[102000100,5],[102000200,5]] 0 0 UIbase/Zhuangbei_icon/wupin_150 zb_0150 1 0 999
101001906 沙王武器6 1 测试测试 6 101001907 [0,0,0,0,0] 225 0 0 0 6 6 6 6 6 6 6 6 6 6 6 6 6 0 0 0 0 0 [0,0] [] [[102000100,5],[102000200,5]] 0 0 UIbase/Zhuangbei_icon/wupin_151 zb_0151 1 0 999
101001907 沙王武器7 1 测试测试 7 0 [0,0,0,0,0] 225 0 0 0 7 7 7 7 7 7 7 7 7 7 7 7 7 0 0 0 0 0 [0,0] [] [[102000100,5],[102000200,5]] 0 0 UIbase/Zhuangbei_icon/wupin_152 zb_0152 1 0 999
101002000 小小武器0 1 测试测试 0 101002001 [0,0,0,0,0] 225 0 0 0 100 10 10 10 10 2 0 0 1 1 1 1 1 0 0 0 0 0 [0,0] [] [[102000100,5],[102000200,5]] 0 0 UIbase/Zhuangbei_icon/wupin_153 zb_0153 1 0 999
101002001 小小武器1 1 测试测试 1 101002002 [0,0,0,0,0] 225 0 0 0 1 1 1 1 1 1 1 1 1 1 1 1 1 0 0 0 0 0 [0,0] [] [[102000100,5],[102000200,5]] 0 0 UIbase/Zhuangbei_icon/wupin_154 zb_0154 1 0 999
101002002 小小武器2 1 测试测试 2 101002003 [0,0,0,0,0] 225 0 0 0 2 2 2 2 2 2 2 2 2 2 2 2 2 0 0 0 0 0 [0,0] [] [[102000100,5],[102000200,5]] 0 0 UIbase/Zhuangbei_icon/wupin_155 zb_0155 1 0 999
101002003 小小武器3 1 测试测试 3 101002004 [0,0,0,0,0] 225 0 0 0 3 3 3 3 3 3 3 3 3 3 3 3 3 0 0 0 0 0 [0,0] [] [[102000100,5],[102000200,5]] 0 0 UIbase/Zhuangbei_icon/wupin_156 zb_0156 1 0 999
101002004 小小武器4 1 测试测试 4 101002005 [0,0,0,0,0] 225 0 0 0 4 4 4 4 4 4 4 4 4 4 4 4 4 0 0 0 0 0 [0,0] [] [[102000100,5],[102000200,5]] 0 0 UIbase/Zhuangbei_icon/wupin_157 zb_0157 1 0 999
101002005 小小武器5 1 测试测试 5 101002006 [0,0,0,0,0] 225 0 0 0 5 5 5 5 5 5 5 5 5 5 5 5 5 0 0 0 0 0 [0,0] [] [[102000100,5],[102000200,5]] 0 0 UIbase/Zhuangbei_icon/wupin_158 zb_0158 1 0 999
101002006 小小武器6 1 测试测试 6 101002007 [0,0,0,0,0] 225 0 0 0 6 6 6 6 6 6 6 6 6 6 6 6 6 0 0 0 0 0 [0,0] [] [[102000100,5],[102000200,5]] 0 0 UIbase/Zhuangbei_icon/wupin_159 zb_0159 1 0 999
101002007 小小武器7 1 测试测试 7 0 [0,0,0,0,0] 225 0 0 0 7 7 7 7 7 7 7 7 7 7 7 7 7 0 0 0 0 0 [0,0] [] [[102000100,5],[102000200,5]] 0 0 UIbase/Zhuangbei_icon/wupin_160 zb_0160 1 0 999
106000100 冰女灵魂石 6 测试测试 7 0 [20000,0,0,0,0] 225 0 0 0 0 0 0 0 0 0 0 0 0 0 0 0 0 0 0 0 0 0 [0,0] [] [] 0 0 UIbase/Zhuangbei_icon/wupin_161 p163 1 0 999
106000200 巨魔灵魂石 6 测试测试 7 0 [20000,0,0,0,0] 225 0 0 0 0 0 0 0 0 0 0 0 0 0 0 0 0 0 0 0 0 0 [0,0] [] [] 0 0 UIbase/Zhuangbei_icon/wupin_162 p164 1 0 999
106000300 圣骑灵魂石 6 测试测试 7 0 [20000,0,0,0,0] 225 0 0 0 0 0 0 0 0 0 0 0 0 0 0 0 0 0 0 0 0 0 [0,0] [] [] 0 0 UIbase/Zhuangbei_icon/wupin_163 p165 1 0 999
106000400 沙王灵魂石 6 测试测试 7 0 [20000,0,0,0,0] 225 0 0 0 0 0 0 0 0 0 0 0 0 0 0 0 0 0 0 0 0 0 [0,0] [] [] 0 0 UIbase/Zhuangbei_icon/wupin_164 p166 1 0 999
106000500 小小灵魂石 6 测试测试 7 0 [20000,0,0,0,0] 225 0 0 0 0 0 0 0 0 0 0 0 0 0 0 0 0 0 0 0 0 0 [0,0] [] [] 0 0 UIbase/Zhuangbei_icon/wupin_165 p167 1 0 999
105000100 经验药膏 5 测试测试 2 0 [2000,0,0,0,0] 225 0 0 0 0 0 0 0 0 0 0 0 0 0 0 0 0 0 0 0 0 50 [0,0] [] [] 0 0 UIbase/Zhuangbei_icon/wupin_166 p169 1 0 999
105000200 经验药剂 5 测试测试 4 0 [5000,0,0,0,0] 225 0 0 0 0 0 0 0 0 0 0 0 0 0 0 0 0 0 0 0 0 100 [0,0] [] [] 0 0 UIbase/Zhuangbei_icon/wupin_167 p168 1 0 999
105000300 经验秘药 5 测试测试 4 0 [8000,0,0,0,0] 225 0 0 0 0 0 0 0 0 0 0 0 0 0 0 0 0 0 0 0 0 200 [0,0] [] [] 0 0 UIbase/Zhuangbei_icon/wupin_168 p170 1 0 999
105000400 超级经验药水 5 测试测试 7 0 [11000,0,0,0,0] 225 0 0 0 0 0 0 0 0 0 0 0 0 0 0 0 0 0 0 0 0 400 [0,0] [] [] 0 0 UIbase/Zhuangbei_icon/wupin_169 p171 1 0 999
105000500 究极经验药水 5 测试测试 11 0 [14000,0,0,0,0] 225 0 0 0 0 0 0 0 0 0 0 0 0 0 0 0 0 0 0 0 0 800 [0,0] [] [] 0 0 UIbase/Zhuangbei_icon/wupin_170 p172 1 0 999
102000100 无限宝石 2 测试测试 4 0 [10000,200,0,0,0] 225 0 0 0 0 0 0 0 0 0 0 0 0 0 0 0 0 0 0 0 0 0 [0,0] [101000100,101000101,101000102,101000103,101000104,101000105,101000106,101000107,101000200,101000201,101000202,101000203,101000204,101000205,101000206,101000207,101000300,101000301,101000302,101000303,101000304,101000305,101000306,101000307,101000400,101000401,101000402,101000403,101000404,101000405,101000406,101000407,101000500,101000501,101000502,101000503,101000504,101000505,101000506,101000507,101000600,101000601,101000602,101000603,101000604,101000605,101000606,101000607,101000700,101000701,101000702,101000703,101000704,101000705,101000706,101000707,101000800,101000801,101000802,101000803,101000804,101000805,101000806,101000807,101000900,101000901,101000902,101000903,101000904,101000905,101000906,101000907,101001000,101001001,101001002,101001003,101001004,101001005,101001006,101001007,101001100,101001101,101001102,101001103,101001104,101001105,101001106,101001107,101001200,101001201,101001202,101001203,101001204,101001205,101001206,101001207,101001300,101001301,101001302,101001303,101001304,101001305,101001306,101001307,101001400,101001401,101001402,101001403,101001404,101001405,101001406,101001407,101001500,101001501,101001502,101001503,101001504,101001505,101001506,101001507,101001600,101001601,101001602,101001603,101001604,101001605,101001606,101001607,101001700,101001701,101001702,101001703,101001704,101001705,101001706,101001707,101001800,101001801,101001802,101001803,101001804,101001805,101001806,101001807,101001900,101001901,101001902,101001903,101001904,101001905,101001906,101001907,101002000,101002001,101002002,101002003,101002004,101002005,101002006,101002007,106000100,106000200,106000300,106000400,106000500,105000100,105000200,102000100,103000100,102000200,103000200] [[103000100,5]] 0 0 UIbase/Zhuangbei_icon/wupin_171 p173 1 0 999
103000100 无限宝石碎片 3 测试测试 4 102000100 [5000,0,0,0,0] 225 0 0 0 0 0 0 0 0 0 0 0 0 0 0 0 0 0 0 0 0 0 [0,0] [102000100] [] 0 0 UIbase/Zhuangbei_icon/wupin_172 p174 1 0 999
102000200 虚无宝石 2 测试测试 4 0 [10000,0,0,0,0] 225 0 0 0 0 0 0 0 0 0 0 0 0 0 0 0 0 0 0 0 0 0 [0,0] [101000100,101000101,101000102,101000103,101000104,101000105,101000106,101000107,101000200,101000201,101000202,101000203,101000204,101000205,101000206,101000207,101000300,101000301,101000302,101000303,101000304,101000305,101000306,101000307,101000400,101000401,101000402,101000403,101000404,101000405,101000406,101000407,101000500,101000501,101000502,101000503,101000504,101000505,101000506,101000507,101000600,101000601,101000602,101000603,101000604,101000605,101000606,101000607,101000700,101000701,101000702,101000703,101000704,101000705,101000706,101000707,101000800,101000801,101000802,101000803,101000804,101000805,101000806,101000807,101000900,101000901,101000902,101000903,101000904,101000905,101000906,101000907,101001000,101001001,101001002,101001003,101001004,101001005,101001006,101001007,101001100,101001101,101001102,101001103,101001104,101001105,101001106,101001107,101001200,101001201,101001202,101001203,101001204,101001205,101001206,101001207,101001300,101001301,101001302,101001303,101001304,101001305,101001306,101001307,101001400,101001401,101001402,101001403,101001404,101001405,101001406,101001407,101001500,101001501,101001502,101001503,101001504,101001505,101001506,101001507,101001600,101001601,101001602,101001603,101001604,101001605,101001606,101001607,101001700,101001701,101001702,101001703,101001704,101001705,101001706,101001707,101001800,101001801,101001802,101001803,101001804,101001805,101001806,101001807,101001900,101001901,101001902,101001903,101001904,101001905,101001906,101001907,101002000,101002001,101002002,101002003,101002004,101002005,101002006,101002007,106000100,106000200,106000300,106000400,106000500,105000100,105000200,102000100,103000100,102000200,103000200] [[103000200,5]] 0 0 UIbase/Zhuangbei_icon/wupin_173 p175 1 0 999
103000200 虚无宝石碎片 3 测试测试 4 102000200 [5000,0,0,0,0] 225 0 0 0 0 0 0 0 0 0 0 0 0 0 0 0 0 0 0 0 0 0 [0,0] [102000200] [] 0 0 UIbase/Zhuangbei_icon/wupin_174 p176 1 0 999
102000300 力量宝石 2 测试测试 7 0 [10000,0,0,0,0] 225 0 0 0 0 0 0 0 0 0 0 0 0 0 0 0 0 0 0 0 0 0 [0,0] [] [[103000300,5]] 0 0 UIbase/Zhuangbei_icon/wupin_175 p177 1 0 999
103000300 力量宝石碎片 3 测试测试 7 102000300 [5000,0,0,0,0] 225 0 0 0 0 0 0 0 0 0 0 0 0 0 0 0 0 0 0 0 0 0 [0,0] [102000100] [] 0 0 UIbase/Zhuangbei_icon/wupin_176 p178 1 0 999
102000400 智力宝石 2 测试测试 7 0 [10000,0,0,0,0] 225 0 0 0 0 0 0 0 0 0 0 0 0 0 0 0 0 0 0 0 0 0 [0,0] [] [[103000400,5]] 0 0 UIbase/Zhuangbei_icon/wupin_177 p179 1 0 999
103000400 智力宝石碎片 3 测试测试 7 102000400 [5000,0,0,0,0] 225 0 0 0 0 0 0 0 0 0 0 0 0 0 0 0 0 0 0 0 0 0 [0,0] [102000200] [] 0 0 UIbase/Zhuangbei_icon/wupin_178 p180 1 0 999
102000500 敏捷宝石 2 测试测试 2 0 [10000,0,0,0,0] 225 0 0 0 0 0 0 0 0 0 0 0 0 0 0 0 0 0 0 0 0 0 [0,0] [] [[103000500,5]] 0 0 UIbase/Zhuangbei_icon/wupin_179 p181 1 0 999
103000500 敏捷宝石碎片 3 测试测试 2 102000500 [5000,0,0,0,0] 225 0 0 0 0 0 0 0 0 0 0 0 0 0 0 0 0 0 0 0 0 0 [0,0] [102000500] [] 0 0 UIbase/Zhuangbei_icon/wupin_180 p182 1 0 999
104000100 小钱包 4 测试测试 2 0 [0,0,0,0,0] 10000 0 0 0 0 0 0 0 0 0 0 0 0 0 0 0 0 0 0 0 0 0 [0,0] [] [] 0 0 UIbase/Zhuangbei_icon/wupin_181 p183 1 0 999
104000200 中钱包 4 测试测试 4 0 [0,0,0,0,0] 100000 0 0 0 0 0 0 0 0 0 0 0 0 0 0 0 0 0 0 0 0 0 [0,0] [] [] 0 0 UIbase/Zhuangbei_icon/wupin_182 p184 1 0 999
104000300 大钱包 4 测试测试 7 0 [0,0,0,0,0] 500000 0 0 0 0 0 0 0 0 0 0 0 0 0 0 0 0 0 0 0 0 0 [0,0] [] [] 0 0 UIbase/Zhuangbei_icon/wupin_183 p185 1 0 999
107000100 冰女 7 测试测试 7 0 [0,0,0,0,0] 100 0 0 0 0 0 0 0 0 0 0 0 0 0 0 0 0 0 0 0 0 0 [0,0] [] [] 0 0 UIbase/Zhuangbei_icon/wupin_184 p186 1 0 999
107000200 巨魔 7 测试测试 7 0 [0,0,0,0,0] 100 0 0 0 0 0 0 0 0 0 0 0 0 0 0 0 0 0 0 0 0 0 [0,0] [] [] 0 0 UIbase/Zhuangbei_icon/wupin_185 p187 1 0 999
107000300 圣骑 7 测试测试 7 0 [0,0,0,0,0] 100 0 0 0 0 0 0 0 0 0 0 0 0 0 0 0 0 0 0 0 0 0 [0,0] [] [] 0 0 UIbase/Zhuangbei_icon/wupin_186 p188 1 0 999
107000400 沙王 7 测试测试 7 0 [0,0,0,0,0] 100 0 0 0 0 0 0 0 0 0 0 0 0 0 0 0 0 0 0 0 0 0 [0,0] [] [] 0 0 UIbase/Zhuangbei_icon/wupin_187 p189 1 0 999
107000500 小小 7 测试测试 7 0 [0,0,0,0,0] 100 0 0 0 0 0 0 0 0 0 0 0 0 0 0 0 0 0 0 0 0 0 [0,0] [] [] 0 0 UIbase/Zhuangbei_icon/wupin_188 p190 1 0 999
108000100 一级生命力符石 8 测试测试 1 108000101 [0,0,0,0,0] 100 0 0 0 100 0 0 0 0 0 0 0 0 0 0 0 0 0 0 0 0 0 [0,0] [108000101] [] 5000 0 UIbase/Zhuangbei_icon/wupin_1 dj_fs_01 1 0 999
108000101 二级生命力符石 8 测试测试 2 108000102 [0,0,0,0,0] 100 0 0 0 200 0 0 0 0 0 0 0 0 0 0 0 0 0 0 0 0 0 [0,0] [108000102] [[108000100,3]] 10000 0 UIbase/Zhuangbei_icon/wupin_1 dj_fs_02 1 0 999
108000102 三级生命力符石 8 测试测试 4 108000103 [0,0,0,0,0] 100 0 0 0 400 0 0 0 0 0 0 0 0 0 0 0 0 0 0 0 0 0 [0,0] [108000103] [[108000101,3]] 20000 0 UIbase/Zhuangbei_icon/wupin_1 dj_fs_03 1 0 999
108000103 四级生命力符石 8 测试测试 7 108000104 [0,0,0,0,0] 100 0 0 0 800 0 0 0 0 0 0 0 0 0 0 0 0 0 0 0 0 0 [0,0] [108000104] [[108000102,3]] 50000 0 UIbase/Zhuangbei_icon/wupin_1 dj_fs_04 1 0 999
108000104 五级生命力符石 8 测试测试 11 0 [0,0,0,0,0] 100 0 0 0 1500 0 0 0 0 0 0 0 0 0 0 0 0 0 0 0 0 0 [0,0] [] [[108000103,3]] 100000 0 UIbase/Zhuangbei_icon/wupin_1 dj_fs_05 1 0 999
108000200 一级攻击力符石 8 测试测试 1 108000201 [0,0,0,0,0] 100 0 0 0 0 100 0 0 0 0 0 0 0 0 0 0 0 0 0 0 0 0 [0,0] [108000201] [] 5000 0 UIbase/Zhuangbei_icon/wupin_1 dj_fs_06 1 0 999
108000201 二级攻击力符石 8 测试测试 2 108000202 [0,0,0,0,0] 100 0 0 0 0 200 0 0 0 0 0 0 0 0 0 0 0 0 0 0 0 0 [0,0] [108000202] [[108000200,3]] 10000 0 UIbase/Zhuangbei_icon/wupin_1 dj_fs_07 1 0 999
108000202 三级攻击力符石 8 测试测试 4 108000203 [0,0,0,0,0] 100 0 0 0 0 400 0 0 0 0 0 0 0 0 0 0 0 0 0 0 0 0 [0,0] [108000203] [[108000201,3]] 20000 0 UIbase/Zhuangbei_icon/wupin_1 dj_fs_08 1 0 999
108000203 四级攻击力符石 8 测试测试 7 108000204 [0,0,0,0,0] 100 0 0 0 0 800 0 0 0 0 0 0 0 0 0 0 0 0 0 0 0 0 [0,0] [108000204] [[108000202,3]] 50000 0 UIbase/Zhuangbei_icon/wupin_1 dj_fs_09 1 0 999
108000204 五级攻击力符石 8 测试测试 11 0 [0,0,0,0,0] 100 0 0 0 0 1500 0 0 0 0 0 0 0 0 0 0 0 0 0 0 0 0 [0,0] [] [[108000203,3]] 100000 0 UIbase/Zhuangbei_icon/wupin_1 dj_fs_10 1 0 999
108000300 一级护甲符石 8 测试测试 1 108000301 [0,0,0,0,0] 100 0 0 0 0 0 100 0 0 0 0 0 0 0 0 0 0 0 0 0 0 0 [0,0] [108000301] [] 5000 0 UIbase/Zhuangbei_icon/wupin_1 dj_fs_11 1 0 999
108000301 二级护甲符石 8 测试测试 2 108000302 [0,0,0,0,0] 100 0 0 0 0 0 200 0 0 0 0 0 0 0 0 0 0 0 0 0 0 0 [0,0] [108000302] [[108000300,3]] 10000 0 UIbase/Zhuangbei_icon/wupin_1 dj_fs_12 1 0 999
108000302 三级护甲符石 8 测试测试 4 108000303 [0,0,0,0,0] 100 0 0 0 0 0 400 0 0 0 0 0 0 0 0 0 0 0 0 0 0 0 [0,0] [108000303] [[108000301,3]] 20000 0 UIbase/Zhuangbei_icon/wupin_1 dj_fs_13 1 0 999
108000303 四级护甲符石 8 测试测试 7 108000304 [0,0,0,0,0] 100 0 0 0 0 0 800 0 0 0 0 0 0 0 0 0 0 0 0 0 0 0 [0,0] [108000304] [[108000302,3]] 50000 0 UIbase/Zhuangbei_icon/wupin_1 dj_fs_14 1 0 999
108000304 五级护甲符石 8 测试测试 11 0 [0,0,0,0,0] 100 0 0 0 0 0 1500 0 0 0 0 0 0 0 0 0 0 0 0 0 0 0 [0,0] [] [[108000303,3]] 100000 0 UIbase/Zhuangbei_icon/wupin_1 dj_fs_15 1 0 999
108000400 一级魔抗符石 8 测试测试 1 108000401 [0,0,0,0,0] 100 0 0 0 0 0 0 100 0 0 0 0 0 0 0 0 0 0 0 0 0 0 [0,0] [108000401] [] 5000 0 UIbase/Zhuangbei_icon/wupin_1 dj_fs_16 1 0 999
108000401 二级魔抗符石 8 测试测试 2 108000402 [0,0,0,0,0] 100 0 0 0 0 0 0 200 0 0 0 0 0 0 0 0 0 0 0 0 0 0 [0,0] [108000402] [[108000400,3]] 10000 0 UIbase/Zhuangbei_icon/wupin_1 dj_fs_17 1 0 999
108000402 三级魔抗符石 8 测试测试 4 108000403 [0,0,0,0,0] 100 0 0 0 0 0 0 400 0 0 0 0 0 0 0 0 0 0 0 0 0 0 [0,0] [108000403] [[108000401,3]] 20000 0 UIbase/Zhuangbei_icon/wupin_1 dj_fs_18 1 0 999
108000403 四级魔抗符石 8 测试测试 7 108000404 [0,0,0,0,0] 100 0 0 0 0 0 0 800 0 0 0 0 0 0 0 0 0 0 0 0 0 0 [0,0] [108000404] [[108000402,3]] 50000 0 UIbase/Zhuangbei_icon/wupin_1 dj_fs_19 1 0 999
108000404 五级魔抗符石 8 测试测试 11 0 [0,0,0,0,0] 100 0 0 0 0 0 0 1500 0 0 0 0 0 0 0 0 0 0 0 0 0 0 [0,0] [] [[108000403,3]] 100000 0 UIbase/Zhuangbei_icon/wupin_1 dj_fs_20 1 0 999
108000500 一级暴击符石 8 测试测试 1 108000501 [0,0,0,0,0] 100 0 0 0 0 0 0 0 10 0 0 0 0 0 0 0 0 0 0 0 0 0 [0,0] [108000501] [] 5000 0 UIbase/Zhuangbei_icon/wupin_1 dj_fs_21 1 0 999
108000501 二级暴击符石 8 测试测试 2 108000502 [0,0,0,0,0] 100 0 0 0 0 0 0 0 20 0 0 0 0 0 0 0 0 0 0 0 0 0 [0,0] [108000502] [[108000500,3]] 10000 0 UIbase/Zhuangbei_icon/wupin_1 dj_fs_22 1 0 999
108000502 三级暴击符石 8 测试测试 4 108000503 [0,0,0,0,0] 100 0 0 0 0 0 0 0 40 0 0 0 0 0 0 0 0 0 0 0 0 0 [0,0] [108000503] [[108000501,3]] 20000 0 UIbase/Zhuangbei_icon/wupin_1 dj_fs_23 1 0 999
108000503 四级暴击符石 8 测试测试 7 108000504 [0,0,0,0,0] 100 0 0 0 0 0 0 0 80 0 0 0 0 0 0 0 0 0 0 0 0 0 [0,0] [108000504] [[108000502,3]] 50000 0 UIbase/Zhuangbei_icon/wupin_1 dj_fs_24 1 0 999
108000504 五级暴击符石 8 测试测试 11 0 [0,0,0,0,0] 100 0 0 0 0 0 0 0 150 0 0 0 0 0 0 0 0 0 0 0 0 0 [0,0] [] [[108000503,3]] 100000 0 UIbase/Zhuangbei_icon/wupin_1 dj_fs_25 1 0 999
108000600 一级命中符石 8 测试测试 1 108000601 [0,0,0,0,0] 100 0 0 0 0 0 0 0 0 0 10 0 0 0 0 0 0 0 0 0 0 0 [0,0] [108000601] [] 5000 0 UIbase/Zhuangbei_icon/wupin_1 dj_fs_26 1 0 999
108000601 二级命中符石 8 测试测试 2 108000602 [0,0,0,0,0] 100 0 0 0 0 0 0 0 0 0 20 0 0 0 0 0 0 0 0 0 0 0 [0,0] [108000602] [[108000600,3]] 10000 0 UIbase/Zhuangbei_icon/wupin_1 dj_fs_27 1 0 999
108000602 三级命中符石 8 测试测试 4 108000603 [0,0,0,0,0] 100 0 0 0 0 0 0 0 0 0 40 0 0 0 0 0 0 0 0 0 0 0 [0,0] [108000603] [[108000601,3]] 20000 0 UIbase/Zhuangbei_icon/wupin_1 dj_fs_28 1 0 999
108000603 四级命中符石 8 测试测试 7 108000604 [0,0,0,0,0] 100 0 0 0 0 0 0 0 0 0 80 0 0 0 0 0 0 0 0 0 0 0 [0,0] [108000604] [[108000602,3]] 50000 0 UIbase/Zhuangbei_icon/wupin_1 dj_fs_29 1 0 999
108000604 五级命中符石 8 测试测试 11 0 [0,0,0,0,0] 100 0 0 0 0 0 0 0 0 0 150 0 0 0 0 0 0 0 0 0 0 0 [0,0] [] [[108000603,3]] 100000 0 UIbase/Zhuangbei_icon/wupin_1 dj_fs_30 1 0 999
108000700 一级闪避符石 8 测试测试 1 108000701 [0,0,0,0,0] 100 0 0 0 0 0 0 0 0 10 0 0 0 0 0 0 0 0 0 0 0 0 [0,0] [108000701] [] 5000 0 UIbase/Zhuangbei_icon/wupin_1 dj_fs_31 1 0 999
108000701 二级闪避符石 8 测试测试 2 108000702 [0,0,0,0,0] 100 0 0 0 0 0 0 0 0 20 0 0 0 0 0 0 0 0 0 0 0 0 [0,0] [108000702] [[108000700,3]] 10000 0 UIbase/Zhuangbei_icon/wupin_1 dj_fs_32 1 0 999
108000702 三级闪避符石 8 测试测试 4 108000703 [0,0,0,0,0] 100 0 0 0 0 0 0 0 0 40 0 0 0 0 0 0 0 0 0 0 0 0 [0,0] [108000703] [[108000701,3]] 20000 0 UIbase/Zhuangbei_icon/wupin_1 dj_fs_33 1 0 999
108000703 四级闪避符石 8 测试测试 7 108000704 [0,0,0,0,0] 100 0 0 0 0 0 0 0 0 80 0 0 0 0 0 0 0 0 0 0 0 0 [0,0] [108000704] [[108000702,3]] 50000 0 UIbase/Zhuangbei_icon/wupin_1 dj_fs_34 1 0 999
108000704 五级闪避符石 8 测试测试 11 0 [0,0,0,0,0] 100 0 0 0 0 0 0 0 0 150 0 0 0 0 0 0 0 0 0 0 0 0 [0,0] [] [[108000703,3]] 100000 0 UIbase/Zhuangbei_icon/wupin_1 dj_fs_35 1 0 999
108000800 一级护甲穿透符石 8 测试测试 1 108000801 [0,0,0,0,0] 100 0 0 0 0 0 0 0 0 0 0 10 0 0 0 0 0 0 0 0 0 0 [0,0] [108000801] [] 5000 0 UIbase/Zhuangbei_icon/wupin_1 dj_fs_36 1 0 999
108000801 二级护甲穿透符石 8 测试测试 2 108000802 [0,0,0,0,0] 100 0 0 0 0 0 0 0 0 0 0 20 0 0 0 0 0 0 0 0 0 0 [0,0] [108000802] [[108000800,3]] 10000 0 UIbase/Zhuangbei_icon/wupin_1 dj_fs_37 1 0 999
108000802 三级护甲穿透符石 8 测试测试 4 108000803 [0,0,0,0,0] 100 0 0 0 0 0 0 0 0 0 0 40 0 0 0 0 0 0 0 0 0 0 [0,0] [108000803] [[108000801,3]] 20000 0 UIbase/Zhuangbei_icon/wupin_1 dj_fs_38 1 0 999
108000803 四级护甲穿透符石 8 测试测试 7 108000804 [0,0,0,0,0] 100 0 0 0 0 0 0 0 0 0 0 80 0 0 0 0 0 0 0 0 0 0 [0,0] [108000804] [[108000802,3]] 50000 0 UIbase/Zhuangbei_icon/wupin_1 dj_fs_39 1 0 999
108000804 五级护甲穿透符石 8 测试测试 11 0 [0,0,0,0,0] 100 0 0 0 0 0 0 0 0 0 0 150 0 0 0 0 0 0 0 0 0 0 [0,0] [] [[108000803,3]] 100000 0 UIbase/Zhuangbei_icon/wupin_1 dj_fs_40 1 0 999
108000900 一级魔法穿透符石 8 测试测试 1 108000901 [0,0,0,0,0] 100 0 0 0 0 0 0 0 0 0 0 0 10 0 0 0 0 0 0 0 0 0 [0,0] [108000901] [] 5000 0 UIbase/Zhuangbei_icon/wupin_1 dj_fs_41 1 0 999
108000901 二级魔法穿透符石 8 测试测试 2 108000902 [0,0,0,0,0] 100 0 0 0 0 0 0 0 0 0 0 0 20 0 0 0 0 0 0 0 0 0 [0,0] [108000902] [[108000900,3]] 10000 0 UIbase/Zhuangbei_icon/wupin_1 dj_fs_42 1 0 999
108000902 三级魔法穿透符石 8 测试测试 4 108000903 [0,0,0,0,0] 100 0 0 0 0 0 0 0 0 0 0 0 40 0 0 0 0 0 0 0 0 0 [0,0] [108000903] [[108000901,3]] 20000 0 UIbase/Zhuangbei_icon/wupin_1 dj_fs_43 1 0 999
108000903 四级魔法穿透符石 8 测试测试 7 108000904 [0,0,0,0,0] 100 0 0 0 0 0 0 0 0 0 0 0 80 0 0 0 0 0 0 0 0 0 [0,0] [108000904] [[108000902,3]] 50000 0 UIbase/Zhuangbei_icon/wupin_1 dj_fs_44 1 0 999
108000904 五级魔法穿透符石 8 测试测试 11 0 [0,0,0,0,0] 100 0 0 0 0 0 0 0 0 0 0 0 150 0 0 0 0 0 0 0 0 0 [0,0] [] [[108000903,3]] 100000 0 UIbase/Zhuangbei_icon/wupin_1 dj_fs_45 1 0 999
108001000 一级韧性符石 8 测试测试 1 108001001 [0,0,0,0,0] 100 0 0 0 0 0 0 0 0 0 0 0 0 0 10 0 0 0 0 0 0 0 [0,0] [108001001] [] 5000 0 UIbase/Zhuangbei_icon/wupin_1 dj_fs_46 1 0 999
108001001 二级韧性符石 8 测试测试 2 108001002 [0,0,0,0,0] 100 0 0 0 0 0 0 0 0 0 0 0 0 0 20 0 0 0 0 0 0 0 [0,0] [108001002] [[108001000,3]] 10000 0 UIbase/Zhuangbei_icon/wupin_1 dj_fs_47 1 0 999
108001002 三级韧性符石 8 测试测试 4 108001003 [0,0,0,0,0] 100 0 0 0 0 0 0 0 0 0 0 0 0 0 40 0 0 0 0 0 0 0 [0,0] [108001003] [[108001001,3]] 20000 0 UIbase/Zhuangbei_icon/wupin_1 dj_fs_48 1 0 999
108001003 四级韧性符石 8 测试测试 7 108001004 [0,0,0,0,0] 100 0 0 0 0 0 0 0 0 0 0 0 0 0 80 0 0 0 0 0 0 0 [0,0] [108001004] [[108001002,3]] 50000 0 UIbase/Zhuangbei_icon/wupin_1 dj_fs_49 1 0 999
108001004 五级韧性符石 8 测试测试 11 0 [0,0,0,0,0] 100 0 0 0 0 0 0 0 0 0 0 0 0 0 150 0 0 0 0 0 0 0 [0,0] [] [[108001003,3]] 100000 0 UIbase/Zhuangbei_icon/wupin_1 dj_fs_50 1 0 999